# E_MeV,P1,P2,P3,Pee_day
5.000000000000000000e+00,2.159800952562411780e-01,7.603646155817896934e-01,2.365528916196890999e-02,3.729792736393799379e-01
5.200000000000000178e+00,2.040563036358775673e-01,7.722295176831965868e-01,2.371417868092538100e-02,3.683696934461638817e-01
5.400000000000000355e+00,1.928552165808798680e-01,7.833715004070072041e-01,2.377328301211288630e-02,3.640384644018064830e-01
5.599999999999999645e+00,1.823446872739149516e-01,7.938227095513736842e-01,2.383260317471138506e-02,3.599732021960885264e-01
5.799999999999999822e+00,1.724907066039412518e-01,8.036171532022741149e-01,2.389214019378399848e-02,3.561608050992556840e-01
6.000000000000000000e+00,1.632582840172162875e-01,8.127898208824669846e-01,2.395189510031686675e-02,3.525877932953248584e-01
6.200000000000000178e+00,1.546121681840937345e-01,8.213759628846475369e-01,2.401186893125875979e-02,3.492405865070633553e-01
6.400000000000000355e+00,1.465174213323841013e-01,8.294105159380545933e-01,2.407206272956126034e-02,3.461057252484315283e-01
6.599999999999999645e+00,1.389398639844247052e-01,8.369276584713565281e-01,2.413247754421935301e-02,3.431700421521881039e-01
6.799999999999999822e+00,1.318464078694821795e-01,8.439604777002057689e-01,2.419311443031197870e-02,3.404207902188884916e-01
7.000000000000000000e+00,1.252052945179135124e-01,8.505407310330431736e-01,2.425397444904314401e-02,3.378457347313394976e-01
7.200000000000000178e+00,1.189862559363956407e-01,8.566986853958209469e-01,2.431505866778325281e-02,3.354332151520666994e-01
7.400000000000000355e+00,1.131606121713651519e-01,8.624630196685241224e-01,2.437636816011103796e-02,3.331721827080098564e-01
7.599999999999999645e+00,1.077013187532972482e-01,8.678607772408473142e-01,2.443790400585509059e-02,3.310522186676357892e-01
7.799999999999999822e+00,1.025829751597780032e-01,8.729173575490852821e-01,2.449966729113663144e-02,3.290635376011876168e-01
8.000000000000000000e+00,9.778180365902840177e-02,8.776565372325597636e-01,2.456165910841187974e-02,3.271969792304877389e-01
8.199999999999999289e+00,9.327560626689260226e-02,8.821005131765922158e-01,2.462388055651515417e-02,3.254439918473170934e-01
8.400000000000000355e+00,8.904370610460099478e-02,8.862699611546974721e-01,2.468633274070197378e-02,3.237966097224493911e-01
8.599999999999999645e+00,8.506687819238477333e-02,8.901841050349219575e-01,2.474901677269298467e-02,3.222474264450196357e-01
8.800000000000000711e+00,8.132727365092638772e-02,8.938607925783559338e-01,2.481193377071752582e-02,3.207895657223737707e-01
9.000000000000000000e+00,7.780834039515484302e-02,8.973165747452863661e-01,2.487508485955827395e-02,3.194166508286475636e-01
9.199999999999999289e+00,7.449474267441925923e-02,9.005667861549846442e-01,2.493847117059586754e-02,3.181227736089353164e-01
9.400000000000000355e+00,7.137228121983021922e-02,9.036256249383162187e-01,2.500209384185337128e-02,3.169024637173573078e-01
9.599999999999999645e+00,6.842781528328437113e-02,9.065062306986736429e-01,2.506595401804216292e-02,3.157506585838688595e-01
9.800000000000000711e+00,6.564918747482303973e-02,9.092207596745700560e-01,2.513005285060748370e-02,3.146626744590798608e-01
1.000000000000000000e+01,6.302515200868433198e-02,9.117804564935416689e-01,2.519439149777423156e-02,3.136341787722174979e-01
1.019999999999999929e+01,6.054530673881083208e-02,9.141957221365953901e-01,2.525897112459334418e-02,3.126611639489151329e-01
1.040000000000000036e+01,5.820002918907927342e-02,9.164761779079326764e-01,2.532379290298876484e-02,3.117399227679009122e-01
1.059999999999999964e+01,5.598041665145354201e-02,9.186307253367419490e-01,2.538885801180440840e-02,3.108670252847845483e-01
1.080000000000000071e+01,5.387823032768059711e-02,9.206676020354679357e-01,2.545416763685137695e-02,3.100392973135581154e-01
1.100000000000000000e+01,5.188584341976339859e-02,9.225944336092807285e-01,2.551972297095623024e-02,3.092538004292909037e-01
1.119999999999999929e+01,4.999619302531641690e-02,9.244182817606750868e-01,2.558552521400851362e-02,3.085078134365967784e-01
1.140000000000000036e+01,4.820273566120426151e-02,9.261456887657862902e-01,2.565157557300997565e-02,3.077988152358374085e-01
1.159999999999999964e+01,4.649940621868096230e-02,9.277827185191953596e-01,2.571787526212295644e-02,3.071244690112513442e-01
1.180000000000000071e+01,4.488058014266572970e-02,9.293349943546138636e-01,2.578442550272025749e-02,3.064826076611337213e-01
1.200000000000000000e+01,4.334103862413114794e-02,9.308077338524343158e-01,2.585122752343407132e-02,3.058712203887609671e-01
1.219999999999999929e+01,4.187593659626175080e-02,9.322057808435312287e-01,2.591828256020656598e-02,3.052884403734280050e-01
1.240000000000000036e+01,4.048077333027116226e-02,9.335336348133882467e-01,2.598559185634026492e-02,3.047325334429567545e-01
1.259999999999999964e+01,3.915136543461811280e-02,9.347954779028331274e-01,2.605315666254875984e-02,3.042018876720760101e-01
1.280000000000000071e+01,3.788382207088071552e-02,9.359951996921110906e-01,2.612097823700800653e-02,3.036950038347318026e-01
1.300000000000000000e+01,3.667452221002953650e-02,9.371364199445620935e-01,2.618905784540794673e-02,3.032104866424282230e-01
1.319999999999999929e+01,3.552009376388010758e-02,9.382225094751152072e-01,2.625739676100461925e-02,3.027470367049490685e-01
1.340000000000000036e+01,3.441739443764617323e-02,9.392566092976816217e-01,2.632599626467211490e-02,3.023034431541054556e-01
1.359999999999999964e+01,3.336349416055268968e-02,9.402416481944904092e-01,2.639485764495628009e-02,3.018785768754054244e-01
1.380000000000000071e+01,3.235565896217899168e-02,9.411803588396938647e-01,2.646398219812711936e-02,3.014713842966665336e-01
1.400000000000000000e+01,3.139133617246908647e-02,9.420752925992975646e-01,2.653337122823313729e-02,3.010808816865481741e-01
1.419999999999999929e+01,3.046814083310627960e-02,9.429288331197390738e-01,2.660302604715475763e-02,3.007061499197451471e-01
1.440000000000000036e+01,2.958384321711126155e-02,9.437432088082290393e-01,2.667294797465934522e-02,3.003463296691014084e-01
1.459999999999999964e+01,2.873635736211065106e-02,9.445205042994335720e-01,2.674313833845578733e-02,3.000006169882283857e-01
1.480000000000000071e+01,2.792373053069744857e-02,9.452626709950524564e-01,2.681359847425014709e-02,2.996682592512653898e-01
1.500000000000000000e+01,2.714413351870707120e-02,9.459715367554919485e-01,2.688432972580116417e-02,2.993485514192890107e-01
